Workbook

Sheet March 2026 — By Project
A1: AWS Cost Finance Report — March 2026
A2: Single account | Tag: 'Project' | Untagged/unknown → Shared Services ÷ 5
A3: Tag aliases | PWCT: PWCT, Project_PWCT | KGAC: PWCT_KGAC | SCZ: PWCT_ECA, PWCT_SCEZ, PWCT_SCZ, PWCT-SCZ | EPM: PWCT-EPM, PWCT_EPM | AES Development: AES_DEV, PWCT_AES, PWCT_DEV, PWCT-AES
A5: Service | B5: Shared Services ($) | C5: PWCT ($) | D5: KGAC ($) | E5: SCZ ($) | F5: EPM ($) | G5: AES Development ($) | H5: Grand Total ($)
A6: Shared Services — Total (untagged + unknown tags) | B6: =SUMIF(B7:B38,">0",B7:B38) | C6: ↓ allocated below | D6: ↓ allocated below | E6: ↓ allocated below | F6: ↓ allocated below | G6: ↓ allocated below | H6: ↓ allocated below
A7: Shared Services allocation per project (÷5) | C7: =$B$6/5 | D7: =$B$6/5 | E7: =$B$6/5 | F7: =$B$6/5 | G7: =$B$6/5 | H7: =$B$6
A9: Amazon Virtual Private Cloud | B9: 1571.93 | C9: 17.84 | D9: 7.91 | E9: 143.86 | F9: — | G9: — | H9: =C9+ D9+ E9+ $B$6/5
A10: EC2 - Other | B10: 1236.84 | C10: 6.81 | D10: 330.39 | E10: 1771.68 | F10: 131.65 | G10: 16.61 | H10: =C10+ D10+ E10+ F10+ G10+ $B$6/5
A11: Tax | B11: 917.7 | C11: — | D11: — | E11: — | F11: — | G11: — | H11: =$B$6/5
A12: Amazon Relational Database Service | B12: 236.17 | C12: 201.33 | D12: — | E12: 778.72 | F12: — | G12: 347.61 | H12: =C12+ E12+ G12+ $B$6/5
A13: Amazon RDS Optimize CPU License Included Third Party Fees | B13: 108.35 | C13: 119.04 | D13: — | E13: — | F13: — | G13: — | H13: =C13+ $B$6/5
A14: Amazon QuickSight | B14: 60.42 | C14: — | D14: — | E14: — | F14: — | G14: — | H14: =$B$6/5
A15: AWS CloudTrail | B15: 55.46 | C15: — | D15: — | E15: — | F15: — | G15: — | H15: =$B$6/5
A16: AWS WAF | B16: 54.06 | C16: — | D16: — | E16: — | F16: — | G16: — | H16: =$B$6/5
A17: AWS Identity and Access Management Access Analyzer | B17: 44.8 | C17: — | D17: — | E17: — | F17: — | G17: — | H17: =$B$6/5
A18: AWS Config | B18: 43.69 | C18: — | D18: — | E18: — | F18: — | G18: — | H18: =$B$6/5
A19: Amazon Elastic Load Balancing | B19: 35.75 | C19: 491.45 | D19: 17.9 | E19: 829.28 | F19: 35.74 | G19: 68.06 | H19: =C19+ D19+ E19+ F19+ G19+ $B$6/5
A20: Amazon WorkSpaces | B20: 34.63 | C20: 14.99 | D20: 1677.39 | E20: 252.51 | F20: — | G20: 48.95 | H20: =C20+ D20+ E20+ G20+ $B$6/5
A21: Amazon Q | B21: 19 | C21: — | D21: — | E21: — | F21: — | G21: — | H21: =$B$6/5
A22: AmazonCloudWatch | B22: 9.73 | C22: 1.97 | D22: — | E22: 8.7 | F22: 0 | G22: 3.82 | H22: =C22+ E22+ G22+ $B$6/5
A23: Amazon Route 53 | B23: 3.66 | C23: 3.02 | D23: — | E23: — | F23: — | G23: — | H23: =C23+ $B$6/5
A24: AWS Glue | B24: 3.3 | C24: — | D24: — | E24: — | F24: — | G24: — | H24: =$B$6/5
A25: Amazon Macie | B25: 3.1 | C25: — | D25: — | E25: — | F25: — | G25: — | H25: =$B$6/5
A26: AWS Systems Manager | B26: 2.5 | C26: — | D26: — | E26: — | F26: — | G26: — | H26: =$B$6/5
A27: AWS Cost Explorer | B27: 2.03 | C27: — | D27: — | E27: — | F27: — | G27: — | H27: =$B$6/5
A28: AWS Secrets Manager | B28: 1.2 | C28: — | D28: — | E28: — | F28: — | G28: — | H28: =$B$6/5
A29: Amazon Simple Storage Service | B29: 0.63 | C29: 15.92 | D29: 0 | E29: 11.95 | F29: — | G29: 506.18 | H29: =C29+ E29+ G29+ $B$6/5
A30: Amazon EC2 Container Registry (ECR) | B30: 0.42 | C30: 0.02 | D30: — | E30: — | F30: — | G30: — | H30: =C30+ $B$6/5
A31: AWS Security Hub | B31: 0.13 | C31: — | D31: — | E31: — | F31: — | G31: — | H31: =$B$6/5
A32: Amazon Elastic Container Service | B32: 0.03 | C32: — | D32: — | E32: — | F32: — | G32: — | H32: =$B$6/5
A33: Amazon Elastic Compute Cloud - Compute | B33: -0.01 | C33: 374.8 | D33: — | E33: 4024.66 | F33: 1584.16 | G33: 583.83 | H33: =C33+ E33+ F33+ G33
A34: AWS Network Firewall | B34: — | C34: 294.3 | D34: — | E34: — | F34: — | G34: — | H34: =C34
A35: Amazon WorkSpaces Web | B35: — | C35: — | D35: — | E35: 64 | F35: — | G35: — | H35: =E35
A36: AWS Global Accelerator | B36: — | C36: 37.2 | D36: — | E36: — | F36: — | G36: — | H36: =C36
A37: AWS Key Management Service | B37: — | C37: 1 | D37: — | E37: 1 | F37: — | G37: — | H37: =C37+ E37
A38: Amazon CloudFront | B38: — | C38: 0 | D38: — | E38: 0 | F38: 0 | G38: — | H38: —
A39: Amazon Simple Notification Service | B39: — | C39: 0 | D39: — | E39: — | F39: — | G39: — | H39: —
A40: AWS Certificate Manager | B40: — | C40: 0 | D40: — | E40: — | F40: — | G40: — | H40: —
A42: Grand Total — March 2026 | B42: =$B$6 | C42: =SUMIF(C9:C40,">0",C9:C40)+$B$6/5 | D42: =SUMIF(D9:D40,">0",D9:D40)+$B$6/5 | E42: =SUMIF(E9:E40,">0",E9:E40)+$B$6/5 | F42: =SUMIF(F9:F40,">0",F9:F40)+$B$6/5 | G42: =SUMIF(G9:G40,">0",G9:G40)+$B$6/5 | H42: =C42+D42+E42+F42+G42
A44: Note: Costs grouped by 'Project' tag with alias mapping. Untagged resources and unrecognised tag values are treated as Shared Services and split equally across 5 projects (÷5). Generated: 2026-04-06.

Sheet Tag Aliases
A1: Tag Alias Mapping Reference
A2: Canonical Project | B2: Raw 'Project' tag values (all map to this project)
A3: PWCT | B3: PWCT, Project_PWCT
A4: KGAC | B4: PWCT_KGAC
A5: SCZ | B5: PWCT_ECA, PWCT_SCEZ, PWCT_SCZ, PWCT-SCZ
A6: EPM | B6: PWCT-EPM, PWCT_EPM
A7: AES Development | B7: AES_DEV, PWCT_AES, PWCT_DEV, PWCT-AES
A8: Shared Services | B8: Empty tag value (untagged) OR any tag value not listed above

Sheet Summary
A1: Project Cost Summary — March 2026
A2: Grouped by 'Project' tag with alias mapping | Untagged allocated equally (÷5)
A4: Metric | B4: PWCT | C4: KGAC | D4: SCZ | E4: EPM | F4: AES Development | G4: Total
A5: Tagged project costs | B5: =SUMIF('March 2026 — By Project'!C9:C40,">0",'March 2026 — By Project'!C9:C40) | C5: =SUMIF('March 2026 — By Project'!D9:D40,">0",'March 2026 — By Project'!D9:D40) | D5: =SUMIF('March 2026 — By Project'!E9:E40,">0",'March 2026 — By Project'!E9:E40) | E5: =SUMIF('March 2026 — By Project'!F9:F40,">0",'March 2026 — By Project'!F9:F40) | F5: =SUMIF('March 2026 — By Project'!G9:G40,">0",'March 2026 — By Project'!G9:G40) | G5: =SUM(B5:F5)
A6: Shared Services allocation (÷5) | B6: ='March 2026 — By Project'!$B$6/5 | C6: ='March 2026 — By Project'!$B$6/5 | D6: ='March 2026 — By Project'!$B$6/5 | E6: ='March 2026 — By Project'!$B$6/5 | F6: ='March 2026 — By Project'!$B$6/5 | G6: =SUM(B6:F6)
A7: Total cost (tagged + allocated) | B7: ='March 2026 — By Project'!C42 | C7: ='March 2026 — By Project'!D42 | D7: ='March 2026 — By Project'!E42 | E7: ='March 2026 — By Project'!F42 | F7: ='March 2026 — By Project'!G42 | G7: =SUM(B7:F7)
A8: % of combined total | B8: ='March 2026 — By Project'!C42/'March 2026 — By Project'!H42 | C8: ='March 2026 — By Project'!D42/'March 2026 — By Project'!H42 | D8: ='March 2026 — By Project'!E42/'March 2026 — By Project'!H42 | E8: ='March 2026 — By Project'!F42/'March 2026 — By Project'!H42 | F8: ='March 2026 — By Project'!G42/'March 2026 — By Project'!H42 | G8: =SUM(B8:F8)
